1.1,Движение с постоянной скоростью,23
1.2,Движение с переменной скоростью,21
1.3,Движение в поле тяжести. Криволинейное движение,30
1.4,Преобразование Галилея,18
1.5,Движение со связями,20
2.1,Законы Ньютона,67
2.2,Импульс. Центр масс,47
2.3,Кинетическая энергия. Работа. Потенциальная энергия,49
2.4,Энергия системы. Передача энергии. Мощность,45
2.5,Столкновения,39
2.6,Сила тяготения. Законы Кеплера,53
2.7,Вращение твердого тела,48
2.8,Статика,44
3.1,Малые отклонения от равновесия.,17
3.2,Период и частота свободных колебаний,37
3.3,Гармоническое движение,36
3.4,Наложение колебаний,19
3.5,Вынужденные и затухающие колебания,42
3.6,Деформации и напряжения. Скорость волн,28
3.7,Распространение волн,22
3.8,Наложение и отражение волн,20
3.9,Звук. Акустические резонаторы,26
4.1,Давление жидкости,24
4.2,Плавание. Закон Архимеда,27
4.3,Движение идеальной жидкости,21
4.4,Течение вязкой жидкости,9
4.5,Поверхностное натяжение жидкости,27
4.6,Капиллярные явления,17
5.1,Тепловое движение частиц,11
5.2,Распределение молекул газа по скоростям,17
5.3,Столкновения молекул. Процессы переноса,14
5.4,Разреженные газы. Взаимодействие молекул с поверхностью твердого тела,20
5.5,Уравнение состояния идеального газа,36
5.6,Первое начало термодинамики. Теплоемкость,31
5.7,Истечение газа,9
5.8,Вероятность термодинамического состояния,16
5.9,Второе начало термодинамики,26
5.10,Фазовые переходы,35
5.11,Тепловое излучение,17
6.1,Закон Кулона. Напряженность электрического поля,21
6.2,Поток напряженности электрического поля. Теорема Гаусса,15
6.3,Потенциал электрического поля. Проводники в постоянном электрическом поле,40
6.4,Конденсаторы,18
6.5,Электрическое давление. Энергия электрического поля,30
6.6,Электрическое поле при наличии диэлектрика,30
7.1,Движение в постоянном электрическом поле,28
7.2,Фокусировка заряженных частиц,14
7.3,Движение в переменном электрическом поле,15
7.4,Взаимодействие заряженных частиц,38
8.1,Ток. Плотность тока. Ток в вакууме,21
8.2,Проводимость. Сопротивление. Источники ЭДС,34
8.3,Электрические цепи,48
8.4,Конденсаторы и нелинейные элементы в электрических цепях,21
9.1,Индукция магнитного поля. Действие магнитного поля на ток,15
9.2,Магнитное поле движущегося заряда. Индукция магнитного поля линейного тока,23
9.3,Магнитное поле тока распределенного по поверхности или пространству,24
9.4,Магнитный поток,13
10.1,Движение в однородном магнитном поле,29
10.2,Дрейфовое движение частиц,12
11.1,Движение проводников в постоянном магнитном поле. Электродвигатели,32
11.2,Вихревое электрическое поле,21
11.3,Взаимная индуктивность. Индуктивность проводников. Трансформаторы,25
11.4,Электрические цепи переменного тока,25
11.5,Сохранение магнитного потока. Сверхпроводники в магнитном поле,28
11.6,Связь переменного электрического поля с магнитным,12
12.1,Свойства излучение и отражение электромагнитных волн,34
12.2,Распространение электромагнитных волн Квантовая природа света,15
13.1,Прямолинейное распространение и отражение света,20
13.2,Преломление света. Формула линзы,23
13.3,Оптические системы,28
13.4,Фотометрия,25
13.5,Квантовая природа света,9
14.1,Постоянство скорости света. Сложение скоростей,28
14.2,Замедление времени и сокращение размеров тел в движущихся системах преобразование Лоренца,18
14.3,Преобразование электрического и магнитного полей,28
14.4,Движение релятивистских частиц в электрическом и магнитном полях,31
14.5,Закон сохранения массы и импульса,24
