1.1,Constant-speed motion,23
1.2,Variable-speed motion,21
1.3,Motion in gravity field. Curvilinear motion,30
1.4,Galileo's transformations,18
1.5,Motion with constraints,20
2.1,Newton's laws,67
2.2,Momentum. Center of mass,47
2.3,Kinetic energy. Work. Potential energy,49
2.4,Energy of a system. Energy transfer. Power,45
2.5,Collisions,39
2.6,Gravitational force. Kepler's laws,53
2.7,Rotation of a solid body,48
2.8,Statics,44
3.1,Small deviations from equilibrium,17
3.2,Period and frequency of free oscillations,37
3.3,Harmonic motion,36
3.4,The superposition of oscillations,19
3.5,Forced and damped oscillations,42
3.6,Strain and stress. Wave's speed,28
3.7,Wave propagation,22
3.8,Overlapping and reflection of waves,20
3.9,Sound. Acoustic resonators,26
4.1,Fluid Pressure,23
4.2,Swimming. Archimedes' law,27
4.3,The motion of an ideal fluid,21
4.4,Viscous fluid flow,9
4.5,Fluid surface tension,27
4.6,Capillary phenomena,17
5.1,Thermal motion of particles,11
5.2,Distribution of gas molecules by velocity,17
5.3,Collisions of molecules. Transfer processes,14
5.4,Rare gases. Interaction of molecules with the surface of a solid body,20
5.5,Equation of state of an ideal gas,36
5.6,First Law of Thermodynamics. Heat capacity,31
5.7,Gas flow,9
5.8,Probability of a thermodynamical state,16
5.9,Second Law of Thermodynamics,26
5.10,Phase transitions,35
5.11,Thermal radiation,17
6.1,Coulomb's law. Electric field,21
6.2,The flux of the electric field. Gauss's theorem,15
6.3,The potential of an electric field. Conductors in a constant electric field,40
6.4,Capacitors,18
6.5,Electrical pressure. The energy of an electric field,30
6.6,The electric field in the presence of a dielectric,30
7.1,Movement in a constant electric field,28
7.2,Focusing charged particles,14
7.3,Motion in an alternating electric field,15
7.4,Interaction of charged particles,38
8.1,Current. Current density. Current in vacuum,21
8.2,Conductivity. Resistance. Sources of electromotive force,34
8.3,Electric circuits,48
8.4,Capacitors and non-linear elements in electrical circuits,21
9.1,Induction of the magnetic field. The effect of a magnetic field on a current,15
9.2,The magnetic field of a moving charge. Induction of the magnetic field from a linear current,23
9.3,The magnetic field from a current distributed over a surface of space,24
9.4,Magnetic flux,13
10.1,Motion in a homogeneous magnetic field,29
10.2,Drift motion of particles,12
11.1,The motion of conductors in a constant magnetic field. Electric motors,32
11.2,Vortex electric field,21
11.3,Mutual inductance. Inductance of conductors. Transformers,25
11.4,AC electrical circuits,25
11.5,Magnetic flux conservation. Superconductors in magnetic field,28
11.6,Relation of an alternating electric field to a magnetic field,12
12.1,Properties of emission and reflection of electromagnetic waves,34
12.2,Propagation of electromagnetic waves,15
13.1,Rectilinear propagation and reflection of light,20
13.2,Refraction of light. The lens formula,23
13.3,Optical systems,28
13.4,Photometry,25
13.5,The quantum nature of light,9
14.1,The constancy of the light speed. Velocity addition,28
14.2,The slowing down of time and the reduction in the size of bodies in motion; the Lorentz Transformations,18
14.3,The transformation of electric and magnetic fields,28
14.4,Motion of relativistic particles in electric and magnetic fields,31
14.5,Conservation of mass and momentum,24
